pubDate,matchedKeywords
2023-05-01 12:52:00,59
2023-05-01 13:00:54,38
2023-05-01 13:15:42,38
2023-05-01 13:40:26,52
2023-05-01 14:00:22,54
2023-05-01 14:00:26,54
2023-05-01 14:15:00,57
2023-05-01 14:16:43,54
2023-05-01 15:00:00,115
2023-05-01 15:05:51,73
2023-05-01 15:16:43,45
2023-05-01 15:16:43,45
2023-05-01 15:16:43,45
2023-05-01 15:16:43,45
2023-05-01 15:16:43,45
2023-05-01 15:16:43,45
2023-05-01 15:18:28,63
2023-05-01 15:36:29,45
2023-05-01 15:40:41,40
2023-05-01 15:40:41,45
2023-05-01 15:40:41,40
2023-05-01 15:40:41,40
2023-05-01 15:53:40,49
2023-05-01 15:56:17,40
2023-05-01 16:03:57,53
2023-05-01 16:04:40,66
2023-05-01 16:09:18,53
2023-05-01 16:36:35,88
2023-05-01 16:47:00,57
2023-05-01 17:01:53,54
2023-05-01 17:07:00,54
2023-05-01 17:18:40,66
2023-05-01 17:33:48,51
2023-05-01 18:26:53,36
2023-05-01 19:45:49,58
2023-05-01 19:55:34,62
2023-05-01 20:16:00,57
2023-05-01 20:31:00,62
2023-05-01 21:09:29,61
2023-05-01 21:23:54,57
2023-05-01 21:24:45,62
2023-05-01 22:06:27,58
2023-05-01 22:12:41,44
2023-05-01 22:41:06,52
2023-05-01 23:32:19,120
2023-05-02 00:10:26,44
2023-05-02 00:13:52,60
2023-05-02 00:18:21,54
2023-05-02 00:29:44,51
2023-05-02 01:26:35,51
2023-05-02 01:49:15,51
2023-05-02 02:30:10,58
2023-05-02 02:48:38,51
2023-05-02 03:16:46,62
2023-05-02 03:20:25,47
2023-05-02 03:30:09,47
2023-05-02 03:44:23,47
2023-05-02 04:01:29,51
2023-05-02 04:09:02,51
2023-05-02 04:28:59,58
2023-05-02 05:07:24,73
2023-05-02 05:09:01,73
2023-05-02 05:15:27,66
2023-05-02 05:15:41,73
2023-05-02 06:55:37,69
2023-05-02 07:18:35,65
2023-05-02 07:40:43,60
2023-05-02 07:52:08,41
2023-05-02 08:14:52,62
2023-05-02 08:17:44,55
2023-05-02 08:28:42,64
2023-05-02 08:28:44,68
2023-05-02 08:32:09,59
2023-05-02 08:45:25,78
2023-05-02 08:48:41,59
2023-05-02 08:59:21,61
2023-05-02 09:03:31,187
2023-05-02 09:23:03,68
2023-05-02 09:35:15,55
2023-05-02 09:36:37,62
2023-05-02 09:59:52,61
2023-05-02 10:19:22,62
2023-05-02 10:56:33,60
2023-05-02 10:57:49,67
2023-05-02 11:02:38,55
2023-05-02 11:09:00,57
2023-05-02 11:21:19,60
2023-05-02 11:28:00,84
2023-05-02 11:29:53,66
2023-05-02 11:35:06,63
2023-05-02 11:38:16,37
2023-05-02 12:00:57,49
2023-05-02 12:00:57,49
2023-05-02 12:31:00,30
2023-05-02 12:31:00,30
2023-05-02 12:34:48,149
2023-05-02 13:20:54,61
2023-05-02 13:30:27,67
2023-05-02 13:40:40,63
2023-05-02 14:05:16,62
2023-05-02 14:10:16,51
2023-05-02 14:18:02,62
2023-05-02 14:21:11,56
2023-05-02 14:26:05,56
2023-05-02 14:39:14,59
2023-05-02 14:41:00,61
2023-05-02 14:41:16,52
2023-05-02 14:44:58,54
2023-05-02 14:53:28,58
2023-05-02 15:09:00,58
2023-05-02 15:09:14,73
2023-05-02 15:19:46,45
2023-05-02 15:23:21,57
2023-05-02 15:29:16,55
2023-05-02 15:31:00,161
2023-05-02 15:37:38,55
2023-05-02 15:40:44,47
2023-05-02 15:41:00,59
2023-05-02 15:41:00,59
2023-05-02 15:42:00,66
2023-05-02 15:46:00,56
2023-05-02 15:46:00,56
2023-05-02 15:46:00,56
2023-05-02 15:58:44,48
2023-05-02 15:59:18,69
2023-05-02 16:00:00,47
2023-05-02 16:00:33,50
2023-05-02 16:05:30,64
2023-05-02 16:06:22,66
2023-05-02 16:10:28,53
2023-05-02 16:13:05,28
2023-05-02 16:13:53,58
2023-05-02 16:18:48,27
2023-05-02 16:18:48,27
2023-05-02 16:21:25,22
2023-05-02 16:22:26,22
2023-05-02 16:23:00,26
2023-05-02 16:23:36,26
2023-05-02 16:23:37,26
2023-05-02 16:25:29,22
2023-05-02 16:27:26,22
2023-05-02 16:28:33,22
2023-05-02 16:28:33,22
2023-05-02 16:28:33,22
2023-05-02 16:28:33,22
2023-05-02 16:28:33,22
2023-05-02 16:28:33,22
2023-05-02 16:28:33,22
2023-05-02 16:28:33,22
2023-05-02 16:28:33,22
2023-05-02 16:28:33,22
2023-05-02 16:31:20,22
2023-05-02 16:32:31,22
2023-05-02 16:32:47,22
2023-05-02 16:33:27,68
2023-05-02 16:34:21,22
2023-05-02 16:34:28,22
2023-05-02 16:41:35,72
2023-05-02 16:53:27,68
2023-05-02 16:53:57,72
2023-05-02 17:11:26,65
2023-05-02 17:12:02,53
2023-05-02 17:12:29,51
2023-05-02 17:13:33,77
2023-05-02 17:13:39,60
2023-05-02 17:17:14,63
2023-05-02 17:26:00,56
2023-05-02 17:26:52,56
2023-05-02 17:26:52,56
2023-05-02 17:26:54,56
2023-05-02 17:26:54,66
2023-05-02 17:26:54,56
2023-05-02 17:26:54,56
2023-05-02 17:26:54,56
2023-05-02 17:26:54,56
2023-05-02 17:26:54,56
2023-05-02 17:26:54,56
2023-05-02 17:26:54,56
2023-05-02 17:26:54,56
2023-05-02 17:26:54,56
2023-05-02 17:26:54,56
2023-05-02 17:26:54,56
2023-05-02 17:31:54,56
2023-05-02 17:34:56,56
2023-05-02 17:36:14,56
2023-05-02 17:42:42,56
2023-05-02 17:45:20,56
2023-05-02 17:45:46,56
2023-05-02 17:46:18,33
2023-05-02 17:57:46,56
2023-05-02 17:57:46,56
2023-05-02 17:57:46,56
2023-05-02 17:57:46,56
2023-05-02 17:57:46,56
2023-05-02 17:57:46,56
2023-05-02 17:57:46,56
2023-05-02 17:57:46,56
2023-05-02 17:57:46,56
2023-05-02 17:57:46,56
2023-05-02 17:57:46,56
2023-05-02 17:57:46,56
2023-05-02 17:57:46,56
2023-05-02 17:57:46,56
2023-05-02 17:57:46,56
2023-05-02 17:57:46,56
2023-05-02 17:57:46,56
2023-05-02 17:57:46,56
2023-05-02 17:57:46,56
2023-05-02 17:57:46,56
2023-05-02 17:57:46,56
2023-05-02 17:57:46,56
2023-05-02 17:57:46,56
2023-05-02 17:57:46,56
2023-05-02 17:57:46,56
2023-05-02 17:58:12,56
2023-05-02 18:00:53,54
2023-05-02 18:02:04,63
2023-05-02 18:07:56,56
2023-05-02 18:08:20,56
2023-05-02 18:12:51,63
2023-05-02 18:20:45,55
2023-05-02 18:25:47,85
2023-05-02 18:30:10,56
2023-05-02 18:40:05,51
2023-05-02 18:40:40,61
2023-05-02 18:44:00,56
2023-05-02 18:44:00,56
2023-05-02 18:44:00,56
2023-05-02 18:44:00,56
2023-05-02 19:01:43,52
2023-05-02 19:01:43,53
2023-05-02 19:02:03,56
2023-05-02 19:03:13,56
2023-05-02 19:04:12,75
2023-05-02 19:05:26,48
2023-05-02 19:05:26,48
2023-05-02 19:07:07,56
2023-05-02 19:07:13,56
2023-05-02 19:07:20,56
2023-05-02 19:09:13,48
2023-05-02 19:20:07,68
2023-05-02 19:23:14,55
2023-05-02 19:24:03,59
2023-05-02 19:27:55,47
2023-05-02 19:32:23,47
2023-05-02 19:35:04,54
2023-05-02 19:39:56,58
2023-05-02 19:47:55,62
2023-05-02 19:54:29,67
2023-05-02 19:56:33,55
2023-05-02 20:03:38,50
2023-05-02 20:06:17,68
2023-05-02 20:15:00,113
2023-05-02 20:20:00,57
2023-05-02 20:20:00,57
2023-05-02 20:25:14,59
2023-05-02 20:30:00,40
2023-05-02 20:31:00,57
2023-05-02 20:35:42,45
2023-05-02 20:36:26,50
2023-05-02 20:37:17,45
2023-05-02 20:37:48,45
2023-05-02 20:40:18,45
2023-05-02 20:40:37,45
2023-05-02 20:40:41,45
2023-05-02 20:41:17,45
2023-05-02 20:42:08,45
2023-05-02 20:43:25,45
2023-05-02 20:44:18,45
2023-05-02 20:44:41,45
2023-05-02 20:45:03,55
2023-05-02 20:45:54,45
2023-05-02 20:49:41,55
2023-05-02 20:52:35,61
2023-05-02 20:54:39,61
2023-05-02 21:00:34,48
2023-05-02 21:03:33,56
2023-05-02 21:05:43,55
2023-05-02 21:06:38,67
2023-05-02 21:28:53,46
2023-05-02 21:30:14,59
2023-05-02 21:30:14,57
2023-05-02 22:00:00,51
2023-05-02 22:07:05,56
2023-05-02 23:06:34,56
2023-05-02 23:13:59,56
2023-05-02 23:37:13,53
2023-05-02 23:49:36,55
2023-05-02 23:49:36,55
2023-05-02 23:55:56,56
